State Name,"District Name, State Letter Code",District Population
Andaman & Nicobar Islands,"Nicobar, AN",41239
Andaman & Nicobar Islands,"South Andaman, AN",222745
Andaman & Nicobar Islands,"North & Middle Andaman, AN",166970
Andhra Pradesh,"Anantapur, AP",4656080
Andhra Pradesh,"Chittoor, AP",4758542
Andhra Pradesh,"Y.s.r., AP",3288930
Andhra Pradesh,"East Godavari, AP",6021109
Andhra Pradesh,"Guntur, AP",5685244
Andhra Pradesh,"Krishna, AP",5059579
Andhra Pradesh,"Kurnool, AP",4622241
Andhra Pradesh,"Sri Potti Sriramulu Nellore, AP",3330680
Andhra Pradesh,"Prakasam, AP",3893718
Andhra Pradesh,"Srikakulam, AP",3085581
Andhra Pradesh,"Visakhapatnam, AP",4867313
Andhra Pradesh,"Vizianagaram, AP",2638442
Andhra Pradesh,"West Godavari, AP",4590242
Arunachal Pradesh,"Anjaw, AR",37830
Arunachal Pradesh,"Changlang, AR",169889
Arunachal Pradesh,"Dibang Valley, AR",13781
Arunachal Pradesh,"East Kameng, AR",55710
Arunachal Pradesh,"East Siang, AR",91056
Arunachal Pradesh,"Kurung Kumey, AR",79863
Arunachal Pradesh,"Lohit, AR",67969
Arunachal Pradesh,"Lower Dibang Valley, AR",60681
Arunachal Pradesh,"Papum Pare, AR",213150
Arunachal Pradesh,"Tawang, AR",56518
Arunachal Pradesh,"Tirap, AR",65075
Arunachal Pradesh,"Upper Siang, AR",38309
Arunachal Pradesh,"Upper Subansiri, AR",93398
Arunachal Pradesh,"West Kameng, AR",87626
Arunachal Pradesh,"Siang, AR",39840
Arunachal Pradesh,"Namsai, AR",84847
Arunachal Pradesh,"Lower Siang, AR",40428
Arunachal Pradesh,"Kamle, AR",20543
Arunachal Pradesh,"Lower Subansiri, AR",57017
Arunachal Pradesh,"Pakke Kessang, AR",45474
Arunachal Pradesh,"Kra Daadi, AR",35171
Arunachal Pradesh,"Lepa Rada, AR",19841
Arunachal Pradesh,"West Siang, AR",37622
Arunachal Pradesh,"Shi-Yomi, AR",24948
Arunachal Pradesh,"Longding, AR",55901
Assam,"Baksa, AS",1435685
Assam,"Barpeta, AS",1522860
Assam,"Bongaigaon, AS",765186
Assam,"Cachar, AS",1994048
Assam,"Chirang, AS",807430
Assam,"Darrang, AS",1007625
Assam,"Dhemaji, AS",804783
Assam,"Dhubri, AS",1406706
Assam,"Dibrugarh, AS",1529475
Assam,"Goalpara, AS",1190263
Assam,"Golaghat, AS",1218100
Assam,"Hailakandi, AS",748425
Assam,"Jorhat, AS",991062
Assam,"Kamrup, AS",1870005
Assam,"Kamrup Metropolitan, AS",1174315
Assam,"West Karbi Anglong, AS",355838
Assam,"Karimganj, AS",1381010
Assam,"Kokrajhar, AS",1107406
Assam,"Lakhimpur, AS",1174826
Assam,"Marigaon, AS",1101464
Assam,"Nagaon, AS",2182768
Assam,"Nalbari, AS",1065823
Assam,"Dima Hasao, AS",244306
Assam,"Sivasagar, AS",847916
Assam,"Sonitpur, AS",1469218
Assam,"Tinsukia, AS",1502277
Assam,"Udalguri, AS",1017856
Assam,"Charaideo, AS",459643
Assam,"Majuli, AS",250844
Assam,"Biswanath, AS",697309
Assam,"Hojai, AS",1029265
Assam,"Karbi Anglong, AS",757150
Assam,"South Salmara- Mankachar, AS",505027
Bihar,"Araria, BR",3171880
Bihar,"Aurangabad, BR",2884600
Bihar,"Banka, BR",2345816
Bihar,"Begusarai, BR",3381509
Bihar,"Bhagalpur, BR",3430581
Bihar,"Bhojpur, BR",3085578
Bihar,"Buxar, BR",1969832
Bihar,"Darbhanga, BR",4500468
Bihar,"Gaya, BR",5008514
Bihar,"Gopalganj, BR",2920129
Bihar,"Jamui, BR",1973831
Bihar,"Kaimur (bhabua), BR",1877421
Bihar,"Katihar, BR",3510433
Bihar,"Khagaria, BR",1870642
Bihar,"Kishanganj, BR",1932115
Bihar,"Lakhisarai, BR",1059251
Bihar,"Madhepura, BR",2281932
Bihar,"Madhubani, BR",5070991
Bihar,"Munger, BR",1616377
Bihar,"Muzaffarpur, BR",5474687
Bihar,"Nalanda, BR",3275008
Bihar,"Nawada, BR",2516129
Bihar,"West Champaran, BR",4481911
Bihar,"Patna, BR",6610080
Bihar,"East Champaran, BR",5800154
Bihar,"Purnia, BR",3731569
Bihar,"Rohtas, BR",3372895
Bihar,"Saharsa, BR",2179593
Bihar,"Samastipur, BR",4795067
Bihar,"Saran (chhapra), BR",4472074
Bihar,"Sheikhpura, BR",797397
Bihar,"Sheohar, BR",547358
Bihar,"Sitamarhi, BR",4068565
Bihar,"Siwan, BR",3788840
Bihar,"Supaul, BR",2548604
Bihar,"Vaishali, BR",4003465
Bihar,"Arwal, BR",815113
Bihar,"Jehanabad, BR",1277502
Chandigarh,"Chandigarh, CH",1167914
Chhattisgarh,"Bastar, CG",961795
Chhattisgarh,"Bijapur, CG",344026
Chhattisgarh,"Bilaspur, CG",1806513
Chhattisgarh,"Sukma, CG",319056
Chhattisgarh,"Dhamtari, CG",910973
Chhattisgarh,"Bemetara, CG",928172
Chhattisgarh,"Janjgir-champa, CG",1843330
Chhattisgarh,"Jashpur, CG",971849
Chhattisgarh,"Kanker (North Bastar), CG",854331
Chhattisgarh,"Korba, CG",1377425
Chhattisgarh,"Koriya, CG",753699
Chhattisgarh,"Mahasamund, CG",1174412
Chhattisgarh,"Narayanpur, CG",208595
Chhattisgarh,"Raigarh, CG",1706097
Chhattisgarh,"Gariyaband, CG",867589
Chhattisgarh,"Rajnandgaon, CG",1773222
Chhattisgarh,"Surguja, CG",933645
Chhattisgarh,"Kabirdham, CG",947635
Chhattisgarh,"Dantewada (South Bastar), CG",254637
Chhattisgarh,"Balod, CG",937037
Chhattisgarh,"Surajpur, CG",917233
Chhattisgarh,"Balrampur, CG",847183
Chhattisgarh,"Mungeli, CG",725376
Chhattisgarh,"Balodabazar, CG",1485896
Chhattisgarh,"Raipur, CG",2272626
Chhattisgarh,"Durg, CG",1968756
Chhattisgarh,"Kondagaon, CG",613065
Chhattisgarh,"Gaurela- Pendra-Marwahi, CG",507806
Dadra and Nagar Haveli and Daman and Diu,"Dadra & Nagar Haveli, DNHDD",285434
Dadra and Nagar Haveli and Daman and Diu,"Daman, DNHDD",234893
Dadra and Nagar Haveli and Daman and Diu,"Diu, DNHDD",58118
Goa,"North Goa, GA",775940
Goa,"South Goa, GA",874715
Gujarat,"Ahmadabad, GJ",7824749
Gujarat,"Amreli, GJ",1743985
Gujarat,"Anand, GJ",2379636
Gujarat,"Banaskntha, GJ",3546820
Gujarat,"Bharuch, GJ",1771078
Gujarat,"Dahod, GJ",1700817
Gujarat,"Gandhinagar, GJ",1842877
Gujarat,"Jamnagar, GJ",1598478
Gujarat,"Junagadh, GJ",1863055
Gujarat,"Kachchh, GJ",2374288
Gujarat,"Kheda, GJ",2386828
Gujarat,"Mehsana, GJ",2260661
Gujarat,"Narmada, GJ",779394
Gujarat,"Navsari, GJ",1538947
Gujarat,"Panchmahal, GJ",2378763
Gujarat,"Patan, GJ",1382988
Gujarat,"Porbandar, GJ",656444
Gujarat,"Rajkot, GJ",3277324
Gujarat,"Sabarkantha, GJ",1598001
Gujarat,"Surat, GJ",6235544
Gujarat,"Surendranagar, GJ",1783762
Gujarat,"Dangs, GJ",275661
Gujarat,"Vadodara, GJ",3529716
Gujarat,"Valsad, GJ",1796553
Gujarat,"Tapi, GJ",1585031
Gujarat,"Devbhoomi Dwarka, GJ",820577
Gujarat,"Morbi, GJ",1266566
Gujarat,"Botad, GJ",969724
Gujarat,"Aravalli, GJ",1173675
Gujarat,"Mahisagar, GJ",1327256
Gujarat,"Chhota Udepur, GJ",1154612
Gujarat,"Gir Somnath, GJ",1277654
Gujarat,"Bhavnagar, GJ",2726849
Haryana,"Ambala, HR",1203619
Haryana,"Bhiwani, HR",1304563
Haryana,"Faridabad, HR",2166834
Haryana,"Fatehabad, HR",1098947
Haryana,"Gurgaon, HR",2107226
Haryana,"Hissar, HR",1999784
Haryana,"Jhajjar, HR",1096449
Haryana,"Kaithal, HR",1217882
Haryana,"Karnal, HR",1773323
Haryana,"Kurukshetra, HR",981521
Haryana,"Mahendragarh, HR",1055160
Haryana,"Nuh, HR",872216
Haryana,"Palwal, HR",1014261
Haryana,"Panchkula, HR",604100
Haryana,"Panipat, HR",1378229
Haryana,"Rewari, HR",1175317
Haryana,"Rohtak, HR",1232450
Haryana,"Sirsa, HR",1475184
Haryana,"Sonipat, HR",1724379
Haryana,"Yamunanagar, HR",1633261
Haryana,"Jind, HR",1502258
Haryana,"Charkhi Dadri, HR",559068
Himachal Pradesh,"Bilaspur, HP",431932
Himachal Pradesh,"Chamba, HP",575457
Himachal Pradesh,"Hamirpur, HP",514414
Himachal Pradesh,"Kangra, HP",1693920
Himachal Pradesh,"Kinnaur, HP",95791
Himachal Pradesh,"Kullu, HP",505618
Himachal Pradesh,"Lahaul & Spiti, HP",36452
Himachal Pradesh,"Mandi, HP",1115259
Himachal Pradesh,"Shimla, HP",894568
Himachal Pradesh,"Sirmaur, HP",628008
Himachal Pradesh,"Solan, HP",641610
Himachal Pradesh,"Una, HP",615879
Jammu & Kashmir,"Anantnag, JK",1479204
Jammu & Kashmir,"Badgam, JK",521644
Jammu & Kashmir,"Bandipore, JK",359326
Jammu & Kashmir,"Baramula, JK",958209
Jammu & Kashmir,"Doda, JK",392180
Jammu & Kashmir,"Ganderbal, JK",1458758
Jammu & Kashmir,"Jammu, JK",1545994
Jammu & Kashmir,"Kathua, JK",782825
Jammu & Kashmir,"Kishtwar, JK",580918
Jammu & Kashmir,"Kulgam, JK",475958
Jammu & Kashmir,"Kupwara, JK",842360
Jammu & Kashmir,"Pulwama, JK",709405
Jammu & Kashmir,"Poonch, JK",356645
Jammu & Kashmir,"Rajouri, JK",633618
Jammu & Kashmir,"Ramban, JK",260878
Jammu & Kashmir,"Reasi, JK",451479
Jammu & Kashmir,"Samba, JK",441902
Jammu & Kashmir,"Shopian, JK",353823
Jammu & Kashmir,"Udhampur, JK",580049
Jammu & Kashmir,"Mirpur, JK",10509
Jammu & Kashmir,"Muzaffarabad, JK",57969
Jammu & Kashmir,"Srinagar, JK",722659
Jharkhand,"Bokaro, JH",2311024
Jharkhand,"Chatra, JH",1185759
Jharkhand,"Deoghar, JH",1693671
Jharkhand,"Dhanbad, JH",3105617
Jharkhand,"Dumka, JH",1509789
Jharkhand,"Garhwa, JH",1520832
Jharkhand,"Giridih, JH",2797368
Jharkhand,"Godda, JH",1475675
Jharkhand,"Gumla, JH",1175358
Jharkhand,"Hazaribagh, JH",1195942
Jharkhand,"Jamtara, JH",1490558
Jharkhand,"Khunti, JH",683229
Jharkhand,"Koderma, JH",892088
Jharkhand,"Latehar, JH",833669
Jharkhand,"Lohardaga, JH",532473
Jharkhand,"Pakur, JH",1049604
Jharkhand,"Palamu, JH",2191521
Jharkhand,"West Singhbhum, JH",1714238
Jharkhand,"East Singhbhum, JH",3650126
Jharkhand,"Ramgarh, JH",729157
Jharkhand,"Ranchi, JH",2645619
Jharkhand,"Sahibganj, JH",1320135
Jharkhand,"Saraikela Kharsawan, JH",1268486
Jharkhand,"Simdega, JH",683375
Karnataka,"Bagalkot, KA",2162767
Karnataka,"Bangalore Rural, KA",1070778
Karnataka,"Bangalore, KA",10906537
Karnataka,"Belgaum, KA",5485647
Karnataka,"Bellary, KA",2901228
Karnataka,"Bidar, KA",1950251
Karnataka,"Bijapur, KA",2497458
Karnataka,"Chamrajnagar, KA",1179259
Karnataka,"Chikkaballapura, KA",1458347
Karnataka,"Chikmagalur, KA",1308690
Karnataka,"Chitradurga, KA",1906751
Karnataka,"Dakshina Kannada, KA",2505903
Karnataka,"Davanagere, KA",1902363
Karnataka,"Dharwad, KA",2112908
Karnataka,"Gadag, KA",1223567
Karnataka,"Gulbarga, KA",2970086
Karnataka,"Hassan, KA",2036830
Karnataka,"Haveri, KA",1827399
Karnataka,"Kodagu, KA",641823
Karnataka,"Kolar, KA",1696775
Karnataka,"Koppal, KA",1593174
Karnataka,"Mandya, KA",2054957
Karnataka,"Mysore, KA",3448486
Karnataka,"Raichur, KA",2196279
Karnataka,"Ramanagara, KA",1377769
Karnataka,"Shimoga, KA",2342356
Karnataka,"Tumkur, KA",3079664
Karnataka,"Udupi, KA",1191605
Karnataka,"Uttara Kannada, KA",1609892
Karnataka,"Yadgir, KA",1313298
Kerala,"Alappuzha, KL",2461157
Kerala,"Ernakulam, KL",3824019
Kerala,"Idukki, KL",1186645
Kerala,"Kannur, KL",2875289
Kerala,"Kasaragod, KL",1463112
Kerala,"Kollam, KL",3029532
Kerala,"Kottayam, KL",2279187
Kerala,"Kozhikode, KL",3526865
Kerala,"Malappuram, KL",4688427
Kerala,"Palakkad, KL",3184977
Kerala,"Pathanamthitta, KL",1308001
Kerala,"Thiruvananthapuram, KL",3828621
Kerala,"Thrissur, KL",3602135
Kerala,"Wayanad, KL",928040
Ladakh,"Kargil, LEH",182518
Ladakh,"Leh (ladakh), LEH",206653
Lakshadweep,"Lakshadweep, LD",64889
Madhya Pradesh,"Alirajpur, MP",867255
Madhya Pradesh,"Anuppur, MP",986893
Madhya Pradesh,"Ashoknagar, MP",962891
Madhya Pradesh,"Balaghat, MP",1933093
Madhya Pradesh,"Barwani, MP",1590258
Madhya Pradesh,"Betul, MP",1803840
Madhya Pradesh,"Bhind, MP",1943860
Madhya Pradesh,"Bhopal, MP",2703213
Madhya Pradesh,"Burhanpur, MP",865770
Madhya Pradesh,"Chhatarpur, MP",1990916
Madhya Pradesh,"Chhindwara, MP",2391749
Madhya Pradesh,"Damoh, MP",1454562
Madhya Pradesh,"Datia, MP",907166
Madhya Pradesh,"Dewas, MP",1786858
Madhya Pradesh,"Dhar, MP",2500665
Madhya Pradesh,"Dindori, MP",745662
Madhya Pradesh,"Khandwa, MP",1500327
Madhya Pradesh,"Guna, MP",1421207
Madhya Pradesh,"Harda, MP",650773
Madhya Pradesh,"Hoshangabad, MP",1410579
Madhya Pradesh,"Indore, MP",3732494
Madhya Pradesh,"Jabalpur, MP",3134958
Madhya Pradesh,"Jhabua, MP",1138008
Madhya Pradesh,"Katni, MP",1148983
Madhya Pradesh,"Mandla, MP",1249936
Madhya Pradesh,"Mandsaur, MP",1544402
Madhya Pradesh,"Morena, MP",2239177
Madhya Pradesh,"Narsinghapur, MP",1244855
Madhya Pradesh,"Neemuch, MP",947082
Madhya Pradesh,"Panna, MP",1161056
Madhya Pradesh,"Raisen, MP",1524931
Madhya Pradesh,"Rajgarh, MP",1773234
Madhya Pradesh,"Ratlam, MP",1666267
Madhya Pradesh,"Rewa, MP",2700405
Madhya Pradesh,"Sagar, MP",2711273
Madhya Pradesh,"Satna, MP",2550950
Madhya Pradesh,"Sehore, MP",1506968
Madhya Pradesh,"Seoni, MP",1588317
Madhya Pradesh,"Shahdol, MP",948435
Madhya Pradesh,"Shajapur, MP",1002961
Madhya Pradesh,"Sheopur, MP",787581
Madhya Pradesh,"Shivpuri, MP",1979988
Madhya Pradesh,"Sidhi, MP",1060790
Madhya Pradesh,"Singrauli, MP",1595504
Madhya Pradesh,"Tikamgarh, MP",1132119
Madhya Pradesh,"Ujjain, MP",2278867
Madhya Pradesh,"Umaria, MP",881540
Madhya Pradesh,"Vidisha, MP",1668471
Madhya Pradesh,"Khargone, MP",2143203
Madhya Pradesh,"Agar Malwa, MP",724725
Madhya Pradesh,"Niwari, MP",493481
Madhya Pradesh,"Gwalior, MP",2320768
Maharashtra,"Ahmednagar, MH",5446582
Maharashtra,"Akola, MH",2047658
Maharashtra,"Amravati, MH",3308377
Maharashtra,"Aurangabad, MH",4244624
Maharashtra,"Bhandara, MH",1142744
Maharashtra,"Beed, MH",2731797
Maharashtra,"Buldana, MH",3000299
Maharashtra,"Chandrapur, MH",2501428
Maharashtra,"Dhule, MH",2343503
Maharashtra,"Gadchiroli, MH",1221198
Maharashtra,"Gondia, MH",1733866
Maharashtra,"Hingoli, MH",1348883
Maharashtra,"Jalgaon, MH",4837237
Maharashtra,"Jalna, MH",2216789
Maharashtra,"Kolhapur, MH",4381211
Maharashtra,"Latur, MH",2808988
Maharashtra,"Mumbai, MH",10182103
Maharashtra,"Nagpur, MH",5317036
Maharashtra,"Nanded, MH",3828490
Maharashtra,"Nandurbar, MH",1893454
Maharashtra,"Nashik, MH",7009054
Maharashtra,"Osmanabad, MH",1901629
Maharashtra,"Parbhani, MH",2101194
Maharashtra,"Pune, MH",10769333
Maharashtra,"Raigad, MH",3087134
Maharashtra,"Ratnagiri, MH",1802306
Maharashtra,"Sangli, MH",3240243
Maharashtra,"Satara, MH",3430560
Maharashtra,"Sindhudurg, MH",956200
Maharashtra,"Solapur, MH",4941327
Maharashtra,"Palghar, MH",5823315
Maharashtra,"Wardha, MH",1482526
Maharashtra,"Washim, MH",1368949
Maharashtra,"Yavatmal, MH",3183325
Maharashtra,"Thane, MH",10651565
Manipur,"Bishnupur, MN",269405
Manipur,"Chandel, MN",90601
Manipur,"Churachandpur, MN",228021
Manipur,"Imphal West, MN",606702
Manipur,"Senapati, MN",179439
Manipur,"Tamenglong, MN",126603
Manipur,"Kakching, MN",247904
Manipur,"Kamjong, MN",77203
Manipur,"Noney, MN",50483
Manipur,"Jiribam, MN",60407
Manipur,"Ukhrul, MN",131514
Manipur,"Kangpokpi, MN",225413
Manipur,"Pherzawal, MN",67198
Manipur,"Tengnoupal, MN",69695
Manipur,"Thoubal, MN",225451
Manipur,"Imphal East, MN",444058
Meghalaya,"East Khasi Hills, ML",923873
Meghalaya,"East Jaintia Hills, ML",159044
Meghalaya,"Ri Bhoi, ML",306815
Meghalaya,"South Garo Hills, ML",172378
Meghalaya,"South West Garo Hills, ML",517156
Meghalaya,"West Khasi Hills, ML",304197
Meghalaya,"North Garo Hills, ML",167753
Meghalaya,"East Garo Hills, ML",135426
Meghalaya,"West Garo Hills, ML",255918
Meghalaya,"South West Khasi Hills, ML",136388
Meghalaya,"West Jaintia Hills, ML",288833
Mizoram,"Aizawl, MZ",457119
Mizoram,"Kolasib, MZ",108625
Mizoram,"Lawangtlai, MZ",147897
Mizoram,"Lunglei, MZ",138290
Mizoram,"Mamit, MZ",97973
Mizoram,"Saiha, MZ",47185
Mizoram,"Serchhip, MZ",63688
Mizoram,"Hnahthial, MZ",35759
Mizoram,"Champhai, MZ",103556
Mizoram,"Khawzawl, MZ",37261
Nagaland,"Dimapur, NL",403343
Nagaland,"Kiphire, NL",96463
Nagaland,"Kohima, NL",309647
Nagaland,"Longleng, NL",70045
Nagaland,"Mokokchung, NL",220895
Nagaland,"Mon, NL",278288
Nagaland,"Peren, NL",122008
Nagaland,"Phek, NL",187015
Nagaland,"Tuensang, NL",124078
Nagaland,"Wokha, NL",183062
Nagaland,"Zunheboto, NL",157816
Nagaland,"Noklak, NL",71775
NCT of Delhi,"South East Delhi, DL",1907852
NCT of Delhi,"North Delhi, DL",2677433
NCT of Delhi,"South West Delhi, DL",1632774
NCT of Delhi,"West Delhi, DL",2638730
NCT of Delhi,"North West Delhi, DL",2169642
NCT of Delhi,"South Delhi, DL",1140541
NCT of Delhi,"New Delhi, DL",2058889
NCT of Delhi,"North East Delhi, DL",1073423
NCT of Delhi,"Shahdara, DL",1205831
NCT of Delhi,"Central Delhi, DL",1739741
NCT of Delhi,"East Delhi, DL",1041625
Odisha,"Angul, OR",1469056
Odisha,"Balangir, OR",1883245
Odisha,"Balasore, OR",2661020
Odisha,"Bargarh, OR",1683490
Odisha,"Boudh, OR",502705
Odisha,"Bhadrak, OR",1693028
Odisha,"Cuttack, OR",2914868
Odisha,"Deogarh, OR",352802
Odisha,"Dhenkanal, OR",1362103
Odisha,"Gajapati, OR",635289
Odisha,"Ganjam, OR",4025938
Odisha,"Jagatsinghapur, OR",1300185
Odisha,"Jajapur, OR",2075269
Odisha,"Jharsuguda, OR",661614
Odisha,"Kalahandi, OR",1795942
Odisha,"Kandhamal, OR",837437
Odisha,"Kendrapara, OR",1607698
Odisha,"Kendujhar, OR",2071876
Odisha,"Khordha, OR",2634478
Odisha,"Koraput, OR",1598750
Odisha,"Malkangiri, OR",698516
Odisha,"Mayurbhanj, OR",2870884
Odisha,"Nabarangpur, OR",1376728
Odisha,"Nayagarh, OR",1107984
Odisha,"Nuapada, OR",705422
Odisha,"Puri, OR",1970463
Odisha,"Rayagada, OR",1090124
Odisha,"Sambalpur, OR",1191857
Odisha,"Sonepur, OR",730627
Odisha,"Sundargarh, OR",2383954
Puducherry,"Mahe, PY",31499
Puducherry,"Karaikal, PY",195564
Puducherry,"Puducherry, PY",1147665
Puducherry,"Yanam, PY",84181
Punjab,"Amritsar, PB",2648221
Punjab,"Barnala, PB",738159
Punjab,"Bathinda, PB",1585816
Punjab,"Faridkot, PB",708557
Punjab,"Fatehgarh Sahib, PB",681818
Punjab,"Fazilka, PB",1234603
Punjab,"Gurdaspur, PB",1835012
Punjab,"Hoshiarpur, PB",1799284
Punjab,"Jalandhar, PB",2491340
Punjab,"Kapurthala, PB",959694
Punjab,"Ludhiana, PB",4010846
Punjab,"Mansa, PB",877841
Punjab,"Moga, PB",1147653
Punjab,"Muktsar, PB",1055338
Punjab,"Patiala, PB",1890011
Punjab,"Rupnagar, PB",1100043
Punjab,"Sahibzada Ajit Singh Nagar, PB",1183460
Punjab,"Sangrur, PB",1824956
Punjab,"Nawanshahr, PB",698123
Punjab,"Tarn Taran, PB",1490997
Punjab,"Firozepur, PB",1062079
Punjab,"Pathankot, PB",795951
Rajasthan,"Ajmer, RJ",2931694
Rajasthan,"Alwar, RJ",4184826
Rajasthan,"Banswara, RJ",1953610
Rajasthan,"Baran, RJ",1400860
Rajasthan,"Barmer, RJ",2952630
Rajasthan,"Bharatpur, RJ",2924935
Rajasthan,"Bhilwara, RJ",2750780
Rajasthan,"Bikaner, RJ",3141215
Rajasthan,"Bundi, RJ",1294438
Rajasthan,"Chittorgarh, RJ",2007504
Rajasthan,"Churu, RJ",1944122
Rajasthan,"Dholpur, RJ",1378897
Rajasthan,"Dungarpur, RJ",1587446
Rajasthan,"Ganganagar, RJ",2068891
Rajasthan,"Hanumangarh, RJ",2226856
Rajasthan,"Jaipur, RJ",7622754
Rajasthan,"Jaisalmer, RJ",757584
Rajasthan,"Jalore, RJ",2089324
Rajasthan,"Jhalawar, RJ",1606235
Rajasthan,"Jhunjhunu, RJ",2449127
Rajasthan,"Jodhpur, RJ",4216687
Rajasthan,"Kota, RJ",2218351
Rajasthan,"Nagaur, RJ",3794780
Rajasthan,"Pali, RJ",2339266
Rajasthan,"Pratapgarh, RJ",1024190
Rajasthan,"Rajsamand, RJ",1377841
Rajasthan,"Sikar, RJ",3068904
Rajasthan,"Sirohi, RJ",1191715
Rajasthan,"Tonk, RJ",1633489
Rajasthan,"Udaipur, RJ",3322052
Rajasthan,"Dausa, RJ",1799983
Rajasthan,"Karauli, RJ",1612121
Rajasthan,"Sawai Madhopur, RJ",1632607
Sikkim,"East Sikkim, SK",308387
Sikkim,"North Sikkim, SK",48116
Sikkim,"South Sikkim, SK",179886
Sikkim,"West Sikkim, SK",157909
Tamil Nadu,"Ariyalur, TN",877731
Tamil Nadu,"Chennai, TN",5180598
Tamil Nadu,"Coimbatore, TN",4532441
Tamil Nadu,"Cuddalore, TN",2925561
Tamil Nadu,"Dharmapuri, TN",1618390
Tamil Nadu,"Dindigul, TN",2466248
Tamil Nadu,"Erode, TN",1837097
Tamil Nadu,"Chengalpattu, TN",1917751
Tamil Nadu,"Kanyakumari, TN",2112574
Tamil Nadu,"Karur, TN",1276455
Tamil Nadu,"Krishnagiri, TN",2293348
Tamil Nadu,"Madurai, TN",3422254
Tamil Nadu,"Namakkal, TN",1944387
Tamil Nadu,"Perambalur, TN",689415
Tamil Nadu,"Pudukkottai, TN",1842856
Tamil Nadu,"Ramanathapuram, TN",1481187
Tamil Nadu,"Salem, TN",3879561
Tamil Nadu,"Sivaganga, TN",1612970
Tamil Nadu,"Thanjavur, TN",2755715
Tamil Nadu,"Nilgiris, TN",838960
Tamil Nadu,"Theni, TN",1411323
Tamil Nadu,"Tiruvallur, TN",4702747
Tamil Nadu,"Tiruvarur, TN",1543213
Tamil Nadu,"Thoothukkudi, TN",1923662
Tamil Nadu,"Tiruchirappalli, TN",3074570
Tamil Nadu,"Tirunelveli, TN",2045436
Tamil Nadu,"Tiruppur, TN",3147557
Tamil Nadu,"Tiruvannamalai, TN",2867817
Tamil Nadu,"Vellore, TN",1663537
Tamil Nadu,"Kallakurichi, TN",1781977
Tamil Nadu,"Nagapattinam, TN",793127
Tamil Nadu,"Kanchipuram, TN",2068537
Tamil Nadu,"Tirupathur, TN",1133120
Tamil Nadu,"Ranipet, TN",1676491
Tamil Nadu,"Viluppuram, TN",2023256
Tamil Nadu,"Tenkasi, TN",1558231
Tamil Nadu,"Mayiladuthurai, TN",1109356
Tamil Nadu,"Virudhunagar, TN",2218393
Telangana,"Komram Bheem, TG",655043
Telangana,"Hyderabad, TG",4478805
Telangana,"Peddapalli, TG",1019340
Telangana,"Medak, TG",862862
Telangana,"Nalgonda, TG",1791260
Telangana,"Nizamabad, TG",1739825
Telangana,"Rangareddy, TG",3328826
Telangana,"Warangal (Rural), TG",897514
Telangana,"Adilabad, TG",790943
Telangana,"Nirmal, TG",833721
Telangana,"Mancherial, TG",835755
Telangana,"Kamareddy, TG",1172378
Telangana,"Jagitial, TG",1223434
Telangana,"Sangareddy, TG",1838674
Telangana,"Siddipet, TG",1046821
Telangana,"Rajanna, TG",541309
Telangana,"Karimnagar, TG",998118
Telangana,"Jangaon, TG",589322
Telangana,"Mahabubabad, TG",908540
Telangana,"Khammam, TG",1465136
Telangana,"Bhadradri, TG",1248156
Telangana,"Jayashankar, TG",506423
Telangana,"Warangal (Urban), TG",1116746
Telangana,"Mulugu, TG",480325
Telangana,"Vikarabad, TG",1193441
Telangana,"Nagarkurnool, TG",1192058
Telangana,"Jogulamba Gadwal, TG",541589
Telangana,"Narayanpet, TG",613028
Telangana,"Wanaparthy, TG",580656
Telangana,"Mahabubnagar, TG",953102
Telangana,"Medchal-Malkajgiri, TG",2372091
Telangana,"Yadadri, TG",1026605
Telangana,"Suryapet, TG",1174124
Tripura,"Dhalai, TR",434093
Tripura,"North Tripura, TR",457863
Tripura,"Gomati, TR",503405
Tripura,"Sepahijala, TR",522247
Tripura,"Khowai, TR",498092
Tripura,"West Tripura, TR",931774
Tripura,"South Tripura, TR",472638
Tripura,"Unakoti, TR",318374
Uttar Pradesh,"Agra, UP",5713591
Uttar Pradesh,"Aligarh, UP",4085787
Uttar Pradesh,"Allahabad, UP",7315840
Uttar Pradesh,"Ambedkar Nagar, UP",2744477
Uttar Pradesh,"Auraiya, UP",1476425
Uttar Pradesh,"Azamgarh, UP",5710743
Uttar Pradesh,"Baghpat, UP",1492079
Uttar Pradesh,"Bahraich, UP",4326661
Uttar Pradesh,"Ballia, UP",3638400
Uttar Pradesh,"Balrampur, UP",2421930
Uttar Pradesh,"Banda, UP",2060287
Uttar Pradesh,"Barabanki, UP",3288573
Uttar Pradesh,"Bareilly, UP",5057412
Uttar Pradesh,"Basti, UP",3122359
Uttar Pradesh,"Bijnor, UP",4222463
Uttar Pradesh,"Budaun, UP",3502032
Uttar Pradesh,"Bulandshahr, UP",3932354
Uttar Pradesh,"Chandauli, UP",2206397
Uttar Pradesh,"Chitrakoot, UP",1129574
Uttar Pradesh,"Deoria, UP",3554623
Uttar Pradesh,"Etah, UP",2100064
Uttar Pradesh,"Etawah, UP",1889669
Uttar Pradesh,"Faizabad, UP",3281506
Uttar Pradesh,"Farrukhabad, UP",2146303
Uttar Pradesh,"Fatehpur, UP",2994515
Uttar Pradesh,"Firozabad, UP",2150419
Uttar Pradesh,"Gautam Buddha Nagar, UP",1884717
Uttar Pradesh,"Hapur (Panchsheel Nagar), UP",1677072
Uttar Pradesh,"Ghazipur, UP",4144453
Uttar Pradesh,"Gonda, UP",3948734
Uttar Pradesh,"Gorakhpur, UP",5413627
Uttar Pradesh,"Hamirpur, UP",1266315
Uttar Pradesh,"Hardoi, UP",4668717
Uttar Pradesh,"Hathras, UP",1888799
Uttar Pradesh,"Jalaun, UP",1913193
Uttar Pradesh,"Jaunpur, UP",5156776
Uttar Pradesh,"Jhansi, UP",2304140
Uttar Pradesh,"Amroha, UP",1915247
Uttar Pradesh,"Kannauj, UP",1876266
Uttar Pradesh,"Kanpur Dehat, UP",1302590
Uttar Pradesh,"Kanpur Nagar, UP",5996116
Uttar Pradesh,"Kanshiram Nagar, UP",1574492
Uttar Pradesh,"Kaushambi, UP",1301617
Uttar Pradesh,"Lakhimpur Kheri, UP",4597011
Uttar Pradesh,"Kushinagar, UP",4022417
Uttar Pradesh,"Lalitpur, UP",1398580
Uttar Pradesh,"Lucknow, UP",5262961
Uttar Pradesh,"Maharajganj, UP",2702541
Uttar Pradesh,"Mahoba, UP",1008224
Uttar Pradesh,"Mainpuri, UP",2088933
Uttar Pradesh,"Mathura, UP",2903494
Uttar Pradesh,"Mau, UP",2062789
Uttar Pradesh,"Meerut, UP",3938951
Uttar Pradesh,"Mirzapur, UP",2841984
Uttar Pradesh,"Moradabad, UP",3604409
Uttar Pradesh,"Muzaffarnagar, UP",3435248
Uttar Pradesh,"Pilibhit, UP",2313397
Uttar Pradesh,"Pratapgarh, UP",3655980
Uttar Pradesh,"Rae Bareli, UP",2768759
Uttar Pradesh,"Rampur, UP",2677865
Uttar Pradesh,"Saharanpur, UP",3947417
Uttar Pradesh,"Sant Kabir Nagar, UP",2166160
Uttar Pradesh,"Bhadohi, UP",1772144
Uttar Pradesh,"Shahjahanpur, UP",3458513
Uttar Pradesh,"Shravasti, UP",908381
Uttar Pradesh,"Siddharth Nagar, UP",2411441
Uttar Pradesh,"Sitapur, UP",5090943
Uttar Pradesh,"Sonbhadra, UP",2103634
Uttar Pradesh,"Sultanpur, UP",2503021
Uttar Pradesh,"Unnao, UP",3564927
Uttar Pradesh,"Varanasi, UP",4192726
Uttar Pradesh,"Sambhal (Bhim Nagar), UP",2789855
Uttar Pradesh,"Shamali (Prabuddh Nagar), UP",1288322
Uttar Pradesh,"Ghaziabad, UP",3532725
Uttar Pradesh,"Amethi, UP",2969282
Uttarakhand,"Almora, UK",707797
Uttarakhand,"Bageshwar, UK",301321
Uttarakhand,"Chamoli, UK",429893
Uttarakhand,"Champawat, UK",383081
Uttarakhand,"Dehradun, UK",1987246
Uttarakhand,"Pauri Garhwal, UK",707280
Uttarakhand,"Haridwar, UK",2185557
Uttarakhand,"Nainital, UK",1104702
Uttarakhand,"Pithoragarh, UK",542847
Uttarakhand,"Rudraprayag, UK",345167
Uttarakhand,"Tehri Garhwal, UK",656523
Uttarakhand,"Udham Singh Nagar, UK",1796224
Uttarakhand,"Uttarkashi, UK",376348
West Bengal,"Bankura, WB",4128326
West Bengal,"Purba Bardhaman, WB",5355582
West Bengal,"Birbhum, WB",4036582
West Bengal,"Dakshin Dinajpur, WB",2009315
West Bengal,"Darjiling, WB",1794058
West Bengal,"Howrah, WB",5550162
West Bengal,"Hooghly, WB",6291250
West Bengal,"Jalpaiguri, WB",2572743
West Bengal,"Cooch Behar, WB",3206694
West Bengal,"Kolkata, WB",4968868
West Bengal,"Malda, WB",4534693
West Bengal,"Murshidabad, WB",8030063
West Bengal,"Nadia, WB",5829989
West Bengal,"North 24 Parganas, WB",11303212
West Bengal,"Paschim Medinipur, WB",5412843
West Bengal,"Purba Medinipur, WB",5785586
West Bengal,"Purulia, WB",3338643
West Bengal,"South 24 Parganas, WB",9698137
West Bengal,"Uttar Dinajpur, WB",3210998
West Bengal,"Kalimpong, WB",328952
West Bengal,"Alipurduar, WB",1771741
West Bengal,"Paschim Bardhaman, WB",3493351
West Bengal,"Jhargram, WB",1415500
Andaman & Nicobar Islands,"Andaman & Nicobar, AN",430954
Andhra Pradesh,"Amalapuram, AP",1845912
Andhra Pradesh,"Anakapalle, AP",2432245
Andhra Pradesh,"Anantapur, AP",2402846
Andhra Pradesh,"Araku, AP",2310385
Andhra Pradesh,"Bapatla, AP",2151824
Andhra Pradesh,"Chittoor, AP",2169351
Andhra Pradesh,"Eluru, AP",2349265
Andhra Pradesh,"Guntur, AP",2132797
Andhra Pradesh,"Hindupur, AP",2232041
Andhra Pradesh,"Kadapa, AP",2358318
Andhra Pradesh,"Kakinada, AP",2267024
Andhra Pradesh,"Kurnool, AP",2134720
Andhra Pradesh,"Machilipatnam, AP",2468506
Andhra Pradesh,"Nandyal, AP",2474381
Andhra Pradesh,"Narasaraopet, AP",2454791
Andhra Pradesh,"Narsapuram, AP",1649691
Andhra Pradesh,"Nellore, AP",2190105
Andhra Pradesh,"Ongole, AP",2276264
Andhra Pradesh,"Rajahmundry, AP",2388312
Andhra Pradesh,"Rajampet, AP",2128089
Andhra Pradesh,"Srikakulam, AP",2077509
Andhra Pradesh,"Tirupati, AP",2946223
Andhra Pradesh,"Vijayawada, AP",2125248
Andhra Pradesh,"Visakhapatnam, AP",2099454
Andhra Pradesh,"Vizianagaram, AP",2174060
Arunachal Pradesh,"Arunachal East, AR",722869
Arunachal Pradesh,"Arunachal West, AR",868830
Assam,"Autonomous District, AS",1352316
Assam,"Barpeta, AS",2623204
Assam,"Dhubri, AS",3024986
Assam,"Dibrugarh, AS",2227310
Assam,"Gauhati, AS",3357727
Assam,"Jorhat, AS",2043029
Assam,"Kaliabor, AS",2485962
Assam,"Karimganj, AS",2223154
Assam,"Kokrajhar, AS",2902289
Assam,"Lakhimpur, AS",2832054
Assam,"Mangaldoi, AS",2920260
Assam,"Nowgong, AS",3274794
Assam,"Silchar, AS",1893385
Assam,"Tezpur, AS",2435295
Bihar,"Araria, BR",3162256
Bihar,"Arrah, BR",3111117
Bihar,"Aurangabad, BR",2706223
Bihar,"Banka, BR",2863938
Bihar,"Begusarai, BR",3369065
Bihar,"Bhagalpur, BR",2870118
Bihar,"Buxar, BR",2923913
Bihar,"Darbhanga, BR",2890739
Bihar,"Gaya, BR",2893087
Bihar,"Gopalganj, BR",2921897
Bihar,"Hajipur, BR",2944705
Bihar,"Jahanabad, BR",2710323
Bihar,"Jamui, BR",3073873
Bihar,"Jhanjharpur, BR",3317067
Bihar,"Karakat, BR",2809855
Bihar,"Katihar, BR",2929789
Bihar,"Khagaria, BR",2892949
Bihar,"Kishanganj, BR",2833505
Bihar,"Madhepura, BR",3333394
Bihar,"Madhubani, BR",2851026
Bihar,"Maharajganj, BR",2734724
Bihar,"Munger, BR",3106758
Bihar,"Muzaffarpur, BR",2765811
Bihar,"Nalanda, BR",3320511
Bihar,"Nawada, BR",2847178
Bihar,"Paschim Champaran, BR",2675464
Bihar,"Pataliputra, BR",3260016
Bihar,"Patna Sahib, BR",2318509
Bihar,"Purnia, BR",3451352
Bihar,"Purvi Champaran, BR",2896482
Bihar,"Samastipur, BR",2733424
Bihar,"Saran, BR",2640178
Bihar,"Sasaram, BR",3101476
Bihar,"Sheohar, BR",2698209
Bihar,"Sitamarhi, BR",3327542
Bihar,"Siwan, BR",2897828
Bihar,"Supaul, BR",3040598
Bihar,"Ujiarpur, BR",2583499
Bihar,"Vaishali, BR",3346949
Bihar,"Valmiki Nagar, BR",3291455
Chandigarh,"Chandigarh, CH",1150414
Chhattisgarh,"Bastar, CG",2415591
Chhattisgarh,"Bilaspur, CG",2621931
Chhattisgarh,"Durg, CG",2896251
Chhattisgarh,"Janjgir-Champa, CG",2674494
Chhattisgarh,"Kanker, CG",2423655
Chhattisgarh,"Korba, CG",2532622
Chhattisgarh,"Mahasamund, CG",2603885
Chhattisgarh,"Raigarh, CG",2677192
Chhattisgarh,"Raipur, CG",2924679
Chhattisgarh,"Rajnandgaon, CG",2721825
Chhattisgarh,"Surguja, CG",2706402
Dadra and Nagar Haveli and Daman and Diu,"Dadra & Nagar Haveli, DNHDD",297047
Dadra and Nagar Haveli and Daman and Diu,"Daman & Diu, DNHDD",288917
Goa,"North Goa, GA",816242
Goa,"South Goa, GA",832987
Gujarat,"Ahmedabad East, GJ",1285384
Gujarat,"Ahmedabad West, GJ",3563333
Gujarat,"Amreli, GJ",2334249
Gujarat,"Anand, GJ",2376049
Gujarat,"Banaskantha, GJ",2863873
Gujarat,"Bardoli, GJ",4678628
Gujarat,"Bharuch, GJ",2489986
Gujarat,"Bhavnagar, GJ",2645158
Gujarat,"Chhota Udaipur, GJ",3103406
Gujarat,"Dahod, GJ",2090060
Gujarat,"Gandhinagar, GJ",2145703
Gujarat,"Jamnagar, GJ",2338296
Gujarat,"Junagadh, GJ",2336711
Gujarat,"Kachchh, GJ",2654153
Gujarat,"Kheda, GJ",2904934
Gujarat,"Mahesana, GJ",2216159
Gujarat,"Navsari, GJ",1720899
Gujarat,"Panchmahal, GJ",3213267
Gujarat,"Patan, GJ",2391281
Gujarat,"Porbandar, GJ",2812885
Gujarat,"Rajkot, GJ",2606169
Gujarat,"Sabarkantha, GJ",2767594
Gujarat,"Surat, GJ",2008210
Gujarat,"Surendranagar, GJ",3639549
Gujarat,"Vadodara, GJ",2216917
Gujarat,"Valsad, GJ",2406230
Haryana,"Ambala, HR",2869319
Haryana,"Bhiwani-Mahendragarh, HR",2631522
Haryana,"Faridabad, HR",3205804
Haryana,"Gurgaon, HR",3760759
Haryana,"Hisar, HR",2671978
Haryana,"Karnal, HR",3081508
Haryana,"Kurukshetra, HR",2844865
Haryana,"Rohtak, HR",2733930
Haryana,"Sirsa, HR",2913194
Haryana,"Sonipat, HR",2536719
Himachal Pradesh,"Hamirpur, HP",1896620
Himachal Pradesh,"Kangra, HP",1948464
Himachal Pradesh,"Mandi, HP",1896685
Himachal Pradesh,"Shimla, HP",2027915
Jammu & Kashmir,"Anantnag, JK",3017029
Jammu & Kashmir,"Baramulla, JK",2122102
Jammu & Kashmir,"Jammu, JK",2786190
Jammu & Kashmir,"Srinagar, JK",2676812
Jammu & Kashmir,"Udhampur, JK",3117059
Jharkhand,"Chatra, JH",2390505
Jharkhand,"Dhanbad, JH",3242260
Jharkhand,"Dumka, JH",3004227
Jharkhand,"Giridih, JH",2745377
Jharkhand,"Godda, JH",2752116
Jharkhand,"Hazaribagh, JH",1761869
Jharkhand,"Jamshedpur, JH",3648051
Jharkhand,"Khunti, JH",2001364
Jharkhand,"Kodarma, JH",3286618
Jharkhand,"Lohardaga, JH",1986878
Jharkhand,"Palamu, JH",3312924
Jharkhand,"Rajmahal, JH",2824580
Jharkhand,"Ranchi, JH",2458773
Jharkhand,"Singhbhum, JH",2246855
Karnataka,"Bagalkot, KA",2495750
Karnataka,"Bangalore Central, KA",2835448
Karnataka,"Bangalore North, KA",3011993
Karnataka,"Bangalore Rural, KA",3987659
Karnataka,"Bangalore South, KA",2093961
Karnataka,"Belgaum, KA",2321829
Karnataka,"Bellary, KA",2599276
Karnataka,"Bidar, KA",2622831
Karnataka,"Bijapur, KA",2496951
Karnataka,"Chamarajanagar, KA",2638911
Karnataka,"Chikkballapur, KA",2651791
Karnataka,"Chikkodi, KA",2537037
Karnataka,"Chitradurga, KA",2526786
Karnataka,"Dakshina Kannada, KA",2504654
Karnataka,"Davanagere, KA",1897649
Karnataka,"Dharwad, KA",2462986
Karnataka,"Gulbarga, KA",2649137
Karnataka,"Hassan, KA",2324944
Karnataka,"Haveri, KA",2371464
Karnataka,"Kolar, KA",2275222
Karnataka,"Koppal, KA",2454046
Karnataka,"Mandya, KA",2323835
Karnataka,"Mysore, KA",2360886
Karnataka,"Raichur, KA",2598468
Karnataka,"Shimoga, KA",2580185
Karnataka,"Tumkur, KA",2105308
Karnataka,"Udupi Chikmagalur, KA",1965961
Karnataka,"Uttara Kannada, KA",2239488
Kerala,"Alappuzha, KL",1780509
Kerala,"Alathur, KL",1794607
Kerala,"Attingal, KL",1953587
Kerala,"Chalakudy, KL",2233426
Kerala,"Ernakulam, KL",1358460
Kerala,"Idukki, KL",1840538
Kerala,"Kannur, KL",1929154
Kerala,"Kasaragod, KL",1940627
Kerala,"Kollam, KL",1804466
Kerala,"Kottayam, KL",1890922
Kerala,"Kozhikode, KL",1902535
Kerala,"Malappuram, KL",2318473
Kerala,"Mavelikkara, KL",2100501
Kerala,"Palakkad, KL",1961354
Kerala,"Pathanamthitta, KL",1854642
Kerala,"Ponnani, KL",1828358
Kerala,"Thiruvananthapuram, KL",1878526
Kerala,"Thrissur, KL",2003818
Kerala,"Vadakara, KL",1727943
Kerala,"Wayanad, KL",2054114
Ladakh,"Ladakh, LEH",355413
Lakshadweep,"Lakshadweep, LD",64889
Madhya Pradesh,"Balaghat, MP",2625844
Madhya Pradesh,"Betul, MP",2831593
Madhya Pradesh,"Bhind, MP",2849942
Madhya Pradesh,"Bhopal, MP",3004953
Madhya Pradesh,"Chhindwara, MP",2391422
Madhya Pradesh,"Damoh, MP",2921760
Madhya Pradesh,"Dewas, MP",2597022
Madhya Pradesh,"Dhar, MP",3181615
Madhya Pradesh,"Guna, MP",2738222
Madhya Pradesh,"Gwalior, MP",3211401
Madhya Pradesh,"Hoshangabad, MP",2655063
Madhya Pradesh,"Indore, MP",3052573
Madhya Pradesh,"Jabalpur, MP",2798085
Madhya Pradesh,"Khajuraho, MP",3074267
Madhya Pradesh,"Khandwa, MP",3136862
Madhya Pradesh,"Khargone, MP",3015763
Madhya Pradesh,"Mandla, MP",3255858
Madhya Pradesh,"Mandsour, MP",2909527
Madhya Pradesh,"Morena, MP",3039702
Madhya Pradesh,"Rajgarh, MP",2899899
Madhya Pradesh,"Ratlam, MP",2863501
Madhya Pradesh,"Rewa, MP",2738464
Madhya Pradesh,"Sagar, MP",2659151
Madhya Pradesh,"Satna, MP",2512214
Madhya Pradesh,"Shahdol, MP",2818856
Madhya Pradesh,"Sidhi, MP",2958753
Madhya Pradesh,"Tikamgarh, MP",2518729
Madhya Pradesh,"Ujjain, MP",2706101
Madhya Pradesh,"Vidisha, MP",3072487
Maharashtra,"Ahmednagar, MH",3231844
Maharashtra,"Akola, MH",2515090
Maharashtra,"Amravati, MH",2394433
Maharashtra,"Aurangabad, MH",2596072
Maharashtra,"Baramati, MH",3775626
Maharashtra,"Beed, MH",2753905
Maharashtra,"Bhandara-Gondiya, MH",2434461
Maharashtra,"Bhiwandi, MH",4929608
Maharashtra,"Buldhana, MH",2620373
Maharashtra,"Chandrapur, MH",2764359
Maharashtra,"Dhule, MH",2489899
Maharashtra,"Dindori, MH",3075907
Maharashtra,"Gadchiroli-Chimur, MH",2456997
Maharashtra,"Hatkanangle, MH",2358524
Maharashtra,"Hingoli, MH",2780017
Maharashtra,"Jalgaon, MH",2462290
Maharashtra,"Jalna, MH",2861114
Maharashtra,"Kalyan, MH",3138780
Maharashtra,"Kolhapur, MH",2758895
Maharashtra,"Latur, MH",2596007
Maharashtra,"Madha, MH",3305175
Maharashtra,"Maval, MH",2930864
Maharashtra,"Mumbai North, MH",1738242
Maharashtra,"Mumbai North-Central, MH",1669547
Maharashtra,"Mumbai North-East, MH",1406205
Maharashtra,"Mumbai North-West, MH",2081515
Maharashtra,"Mumbai South -Central, MH",1554994
Maharashtra,"Mumbai South, MH",1046389
Maharashtra,"Nagpur, MH",1411790
Maharashtra,"Nanded, MH",2438611
Maharashtra,"Nandurbar, MH",2960052
Maharashtra,"Nashik, MH",2740952
Maharashtra,"Osmanabad, MH",2968738
Maharashtra,"Palghar, MH",5404703
Maharashtra,"Parbhani, MH",3100473
Maharashtra,"Pune, MH",2103989
Maharashtra,"Raigad, MH",2464523
Maharashtra,"Ramtek, MH",3899015
Maharashtra,"Ratnagiri -Sindhudurg, MH",1943314
Maharashtra,"Raver, MH",2757805
Maharashtra,"Sangli, MH",2504209
Maharashtra,"Satara, MH",2266261
Maharashtra,"Shirdi, MH",2215970
Maharashtra,"Shirur, MH",3282879
Maharashtra,"Solapur, MH",2307243
Maharashtra,"Thane, MH",2671203
Maharashtra,"Wardha, MH",2395069
Maharashtra,"Yavatmal-Washim, MH",2618219
Manipur,"Inner Manipur, MN",1392847
Manipur,"Outer Manipur, MN",1708446
Meghalaya,"Shillong, ML",2117518
Meghalaya,"Tura, ML",1248295
Mizoram,"Mizoram, MZ",1224582
Nagaland,"Nagaland, NL",2235208
NCT of Delhi,"Chandni Chowk, DL",2363522
NCT of Delhi,"East Delhi, DL",2133854
NCT of Delhi,"New Delhi, DL",2943189
NCT of Delhi,"North East Delhi, DL",2833170
NCT of Delhi,"North West Delhi, DL",3522150
NCT of Delhi,"South Delhi, DL",2057618
NCT of Delhi,"West Delhi, DL",3236296
Odisha,"Aska, OR",1975070
Odisha,"Balasore, OR",2276498
Odisha,"Bargarh, OR",2352074
Odisha,"Berhampur, OR",2318682
Odisha,"Bhadrak, OR",2395563
Odisha,"Bhubaneswar, OR",2270523
Odisha,"Bolangir, OR",2617928
Odisha,"Cuttack, OR",2129517
Odisha,"Dhenkanal, OR",2196824
Odisha,"Jagatsinghpur, OR",2214764
Odisha,"Jajpur, OR",2076693
Odisha,"Kalahandi, OR",2500240
Odisha,"Kandhamal, OR",2046574
Odisha,"Kendrapara, OR",2155496
Odisha,"Keonjhar, OR",2381464
Odisha,"Koraput, OR",2262649
Odisha,"Mayurbhanj, OR",2245325
Odisha,"Nabarangpur, OR",2477693
Odisha,"Puri, OR",2417748
Odisha,"Sambalpur, OR",2176483
Odisha,"Sundargarh, OR",2385869
Puducherry,"Pondicherry, PY",1428974
Punjab,"Amritsar, PB",2222766
Punjab,"Anandpur Sahib, PB",2905768
Punjab,"Bathinda, PB",2509551
Punjab,"Faridkot, PB",2278908
Punjab,"Fatehgarh Sahib, PB",2637751
Punjab,"Firozpur, PB",2582595
Punjab,"Gurdaspur, PB",2393133
Punjab,"Hoshiarpur, PB",2220483
Punjab,"Jalandhar, PB",2515460
Punjab,"Khadoor Sahib, PB",2683551
Punjab,"Ludhiana, PB",2357382
Punjab,"Patiala, PB",2684713
Punjab,"Sangrur, PB",1774580
Rajasthan,"Ajmer, RJ",3315191
Rajasthan,"Alwar, RJ",1474771
Rajasthan,"Banswara, RJ",3133637
Rajasthan,"Barmer, RJ",3453395
Rajasthan,"Bharatpur, RJ",4960717
Rajasthan,"Bhilwara, RJ",3139973
Rajasthan,"Bikaner, RJ",3414656
Rajasthan,"Chittorgarh, RJ",3516213
Rajasthan,"Churu, RJ",2853796
Rajasthan,"Dausa, RJ",3077027
Rajasthan,"Ganganagar, RJ",3095785
Rajasthan,"Jaipur Rural, RJ",3180029
Rajasthan,"Jaipur, RJ",2923817
Rajasthan,"Jalore, RJ",3261277
Rajasthan,"Jhalawar-Baran, RJ",3022415
Rajasthan,"Jhunjhunu, RJ",2895346
Rajasthan,"Jodhpur, RJ",3076861
Rajasthan,"Karauli -Dholpur, RJ",2930313
Rajasthan,"Kota, RJ",3119210
Rajasthan,"Nagaur, RJ",3035215
Rajasthan,"Pali, RJ",3373858
Rajasthan,"Rajsamand, RJ",2761212
Rajasthan,"Sikar, RJ",2907370
Rajasthan,"Tonk - Sawai Madhopur, RJ",3281182
Rajasthan,"Udaipur, RJ",3225250
Sikkim,"Sikkim, SK",693401
Tamil Nadu,"Arakkonam, TN",2487718
Tamil Nadu,"Arani, TN",2212756
Tamil Nadu,"Chennai Central, TN",1823602
Tamil Nadu,"Chennai North, TN",1386870
Tamil Nadu,"Chennai South, TN",2534768
Tamil Nadu,"Chidambaram, TN",2125417
Tamil Nadu,"Coimbatore, TN",2743043
Tamil Nadu,"Cuddalore, TN",1938341
Tamil Nadu,"Dharmapuri, TN",2010209
Tamil Nadu,"Dindigul, TN",2065625
Tamil Nadu,"Erode, TN",1704212
Tamil Nadu,"Kallakurichi, TN",2288816
Tamil Nadu,"Kancheepuram, TN",2427016
Tamil Nadu,"Kanniyakumari, TN",2117144
Tamil Nadu,"Karur, TN",2047836
Tamil Nadu,"Krishnagiri, TN",2297490
Tamil Nadu,"Madurai, TN",1631754
Tamil Nadu,"Mayiladuthurai, TN",2167970
Tamil Nadu,"Nagapattinam, TN",1989631
Tamil Nadu,"Namakkal, TN",2112465
Tamil Nadu,"Nilgiris, TN",2194495
Tamil Nadu,"Perambalur, TN",2101983
Tamil Nadu,"Pollachi, TN",2443008
Tamil Nadu,"Ramanathapuram, TN",2240133
Tamil Nadu,"Salem, TN",1877451
Tamil Nadu,"Sivaganga, TN",2224704
Tamil Nadu,"Sriperumbudur, TN",2686023
Tamil Nadu,"Tenkasi, TN",2210546
Tamil Nadu,"Thanjavur, TN",2050493
Tamil Nadu,"Theni, TN",2267071
Tamil Nadu,"Thoothukkudi, TN",1927335
Tamil Nadu,"Tiruchirappalli, TN",1914252
Tamil Nadu,"Tirunelveli, TN",1906239
Tamil Nadu,"Tiruppur, TN",1538023
Tamil Nadu,"Tiruvallur, TN",2678454
Tamil Nadu,"Tiruvannamalai, TN",1946516
Tamil Nadu,"Vellore, TN",1743208
Tamil Nadu,"Viluppuram, TN",1988262
Tamil Nadu,"Virudhunagar, TN",2236458
Telangana,"Adilabad, TG",2347837
Telangana,"Bhongir, TG",2528431
Telangana,"Chevella, TG",3055211
Telangana,"Hyderabad, TG",1899415
Telangana,"Karimnagar, TG",2154283
Telangana,"Khammam, TG",2070742
Telangana,"Mahabubabad, TG",2524637
Telangana,"Mahbubnagar, TG",2266582
Telangana,"Malkajgiri, TG",3393699
Telangana,"Medak, TG",2297881
Telangana,"Nagarkurnool, TG",2337626
Telangana,"Nalgonda, TG",2260370
Telangana,"Nizamabad, TG",2271563
Telangana,"Peddapalle, TG",2266901
Telangana,"Secunderabad, TG",1833066
Telangana,"Warangal, TG",2288561
Telangana,"Zahirabad, TG",2522942
Tripura,"Tripura East, TR",2185497
Tripura,"Tripura West, TR",2018422
Uttar Pradesh,"Agra, UP",2978625
Uttar Pradesh,"Akbarpur, UP",3529184
Uttar Pradesh,"Aligarh, UP",2749701
Uttar Pradesh,"Allahabad, UP",3485008
Uttar Pradesh,"Ambedkar Nagar, UP",2988933
Uttar Pradesh,"Amethi, UP",2813148
Uttar Pradesh,"Amroha, UP",2507293
Uttar Pradesh,"Aonla, UP",2924155
Uttar Pradesh,"Azamgarh, UP",2783004
Uttar Pradesh,"Badaun, UP",3088415
Uttar Pradesh,"Baghpat, UP",2791380
Uttar Pradesh,"Bahraich, UP",3287162
Uttar Pradesh,"Ballia, UP",2578438
Uttar Pradesh,"Banda, UP",2414839
Uttar Pradesh,"Bansgaon, UP",2722353
Uttar Pradesh,"Barabanki, UP",2745069
Uttar Pradesh,"Bareilly, UP",2986465
Uttar Pradesh,"Basti, UP",3034535
Uttar Pradesh,"Bhadohi, UP",3012238
Uttar Pradesh,"Bijnor, UP",3220201
Uttar Pradesh,"Bulandshahr, UP",2794650
Uttar Pradesh,"Chandauli, UP",2747994
Uttar Pradesh,"Deoria, UP",2630616
Uttar Pradesh,"Dhaurahra, UP",3037150
Uttar Pradesh,"Domariyaganj, UP",2409078
Uttar Pradesh,"Etah, UP",2555357
Uttar Pradesh,"Etawah, UP",2702122
Uttar Pradesh,"Faizabad, UP",3184955
Uttar Pradesh,"Farrukhabad, UP",2683762
Uttar Pradesh,"Fatehpur Sikri, UP",3290749
Uttar Pradesh,"Fatehpur, UP",2990865
Uttar Pradesh,"Firozabad, UP",2139532
Uttar Pradesh,"Gautam Buddha Nagar, UP",2848863
Uttar Pradesh,"Ghaziabad, UP",3654897
Uttar Pradesh,"Ghazipur, UP",3011166
Uttar Pradesh,"Ghosi, UP",2602394
Uttar Pradesh,"Gonda, UP",2792181
Uttar Pradesh,"Gorakhpur, UP",3134480
Uttar Pradesh,"Hamirpur, UP",3052487
Uttar Pradesh,"Hardoi, UP",3002187
Uttar Pradesh,"Hathras, UP",3209701
Uttar Pradesh,"Jalaun, UP",2933917
Uttar Pradesh,"Jaunpur, UP",2873871
Uttar Pradesh,"Jhansi, UP",3008227
Uttar Pradesh,"Kairana, UP",2693776
Uttar Pradesh,"Kaiserganj, UP",2923993
Uttar Pradesh,"Kannauj, UP",2658926
Uttar Pradesh,"Kanpur, UP",2436498
Uttar Pradesh,"Kaushambi, UP",2525232
Uttar Pradesh,"Kheri, UP",2939724
Uttar Pradesh,"Kushi Nagar, UP",2948507
Uttar Pradesh,"Lalganj, UP",2979372
Uttar Pradesh,"Lucknow, UP",2325732
Uttar Pradesh,"Machhlishahr, UP",2789410
Uttar Pradesh,"Maharajganj, UP",2731824
Uttar Pradesh,"Mainpuri, UP",2647214
Uttar Pradesh,"Mathura, UP",2894812
Uttar Pradesh,"Meerut, UP",2521096
Uttar Pradesh,"Mirzapur, UP",2826328
Uttar Pradesh,"Misrikh, UP",2651691
Uttar Pradesh,"Mohanlalganj, UP",3502178
Uttar Pradesh,"Moradabad, UP",3497530
Uttar Pradesh,"Muzaffarnagar, UP",2847948
Uttar Pradesh,"Nagina, UP",1862826
Uttar Pradesh,"Phulpur, UP",2633994
Uttar Pradesh,"Pilibhit, UP",2821818
Uttar Pradesh,"Pratapgarh, UP",2408952
Uttar Pradesh,"Rae Bareli, UP",2819951
Uttar Pradesh,"Rampur, UP",2481998
Uttar Pradesh,"Robertsganj, UP",2735945
Uttar Pradesh,"Saharanpur, UP",2615021
Uttar Pradesh,"Salempur, UP",2570555
Uttar Pradesh,"Sambhal, UP",3334297
Uttar Pradesh,"Sant Kabir Nagar, UP",3169593
Uttar Pradesh,"Shahjahanpur, UP",3393082
Uttar Pradesh,"Shrawasti, UP",2610188
Uttar Pradesh,"Sitapur, UP",2520698
Uttar Pradesh,"Sultanpur, UP",2611406
Uttar Pradesh,"Unnao, UP",3542669
Uttar Pradesh,"Varanasi, UP",2521379
Uttarakhand,"Almora, UK",1936087
Uttarakhand,"Garhwal, UK",1952834
Uttarakhand,"Hardwar, UK",2965512
Uttarakhand,"Nainital-Udhamsingh Nagar, UK",2686461
Uttarakhand,"Tehri Garhwal, UK",1971727
West Bengal,"Alipurduars, WB",2512702
West Bengal,"Arambag, WB",2545657
West Bengal,"Asansol, WB",2353445
West Bengal,"Baharampur, WB",2699684
West Bengal,"Balurghat, WB",2349300
West Bengal,"Bangaon, WB",2209546
West Bengal,"Bankura, WB",2289554
West Bengal,"Barasat, WB",2247713
West Bengal,"Bardhaman Purba, WB",2016177
West Bengal,"Bardhaman-Durgapur, WB",2855203
West Bengal,"Barrackpur, WB",2244911
West Bengal,"Basirhat, WB",1906410
West Bengal,"Birbhum, WB",2476576
West Bengal,"Bishnupur, WB",2564130
West Bengal,"Bolpur, WB",2782787
West Bengal,"Coochbehar, WB",2501067
West Bengal,"Darjeeling, WB",2373189
West Bengal,"Diamond Harbour, WB",2027870
West Bengal,"Dum Dum, WB",2777180
West Bengal,"Ghatal, WB",2279945
West Bengal,"Hooghly, WB",2757838
West Bengal,"Howrah, WB",2012291
West Bengal,"Jadavpur, WB",2229694
West Bengal,"Jalpaiguri, WB",2542569
West Bengal,"Jangipur, WB",2512925
West Bengal,"Jaynagar, WB",3209601
West Bengal,"Jhargram, WB",2789260
West Bengal,"Kanthi, WB",2435486
West Bengal,"Kolkata Dakshin, WB",3453712
West Bengal,"Kolkata Uttar, WB",2417507
West Bengal,"Krishnanagar, WB",2404275
West Bengal,"Maldaha Dakshin, WB",1548822
West Bengal,"Maldaha Uttar, WB",3387244
West Bengal,"Mathurapur, WB",2194130
West Bengal,"Medinipur, WB",2662887
West Bengal,"Murshidabad, WB",2747055
West Bengal,"Purulia, WB",2479856
West Bengal,"Raiganj, WB",2533996
West Bengal,"Ranaghat, WB",2244314
West Bengal,"Sreerampur, WB",2485616
West Bengal,"Tamluk, WB",2483708
West Bengal,"Uluberia, WB",2402103
